followers_count,profile_image,name,screen_name,key,en,es,fr,de,pt,ar
9888796,https://pbs.twimg.com/profile_images/755114644499492864/S21YNbzw_400x400.jpg,Dr.TareqAlSuwaidan,TareqAlSuwaidan,9650,false,false,false,false,false,true
4777242,https://pbs.twimg.com/profile_images/1541730601971208192/UnoPS_YK_400x400.jpg,Hamdan bin Mohammed,HamdanMohammed,9661,false,false,false,false,false,true
1480710,https://pbs.twimg.com/profile_images/1572659834566098947/d3C0M3fP_400x400.jpg,ğŸ•Š Ø£Ø­Ù„Ø§Ù… Ù…Ø³ØªØºØ§Ù†Ù…ÙŠ,AhlamMostghanmi,9633,false,false,false,false,false,true
18285,https://pbs.twimg.com/profile_images/1687718861/f8s5l5y1_400x400,Ø¹Ø§ÙŠØ¯Ø© Ø¨Ù†Øª ØµØ§Ù„Ø­,Noorelwjood,9640,false,false,false,false,false,true
20642664,https://pbs.twimg.com/profile_images/1621782213904801794/qGihu443_400x400.jpg,Ø¯. Ø¹Ø§Ø¦Ø¶ Ø§Ù„Ù‚Ø±Ù†ÙŠ,Dr_alqarnee,9651,false,false,false,false,false,true
1949201,https://pbs.twimg.com/profile_images/500755732321406977/l1GXkrDH_400x400.jpeg,Ø£Ø­Ù…Ø¯ Ø§Ù„Ù…Ø³Ù„Ù…Ø§Ù†ÙŠ,Almoslemani,9634,false,false,false,false,false,true
2787,https://pbs.twimg.com/profile_images/1609606714281582595/H5FeQO8v_400x400.jpg,Saman Dawod Ø³Ø§Ù…Ø§Ù† Ø¯Ø§ÙˆØ¯ ğŸ‡®ğŸ‡¶ğŸ‡©ğŸ‡ª,saman1dawod,9646,false,false,false,false,false,true
18337892,https://pbs.twimg.com/profile_images/1515797263330721793/4VhapQ1V_400x400.jpg,Ø£Ø­Ù…Ø¯ Ø§Ù„Ø´Ù‚ÙŠØ±ÙŠ,shugairi,9635,false,false,false,false,false,true
458888,https://pbs.twimg.com/profile_images/1277642129221836802/BDLW5nsg_400x400.jpg,ØªØ±ÙƒÙŠ Ø§Ù„Ø­Ù…Ø¯ T. Hamad,TurkiHAlhamad1,9641,false,false,false,false,false,true
602857,https://pbs.twimg.com/profile_images/1580601693045248000/vePEoHUI_400x400.jpg,Ø£.Ø¯.Ø¹Ø¨Ø¯ Ø§Ù„ÙƒØ±ÙŠÙ… Ø¨ÙƒØ§Ø±,Drbakkar,9652,false,false,false,false,false,true
31534,https://pbs.twimg.com/profile_images/1475882554955911179/Y2otqZBT_400x400.jpg,Ahmad M. Yassine | Ø£Ø­Ù…Ø¯ Ù…. ÙŠØ§Ø³ÙŠÙ†,Lobnene_Blog,9636,false,false,false,false,false,true
397486,https://pbs.twimg.com/profile_images/378800000098645027/158cd453eac2f932a09460cfd23de096_400x400.jpeg,Udonis Haslem,ThisIsUD,9637,false,false,false,false,false,true
456933,https://pbs.twimg.com/profile_images/1386621484701990914/p3IQ5qDZ_400x400.jpg,Ø¯. Ø¹Ø¯Ù†Ø§Ù† Ø¥Ø¨Ø±Ø§Ù‡ÙŠÙ…,DrAdnanIbrahim,9654,false,false,false,false,false,true
551350,https://pbs.twimg.com/profile_images/3197194104/5c6e4364888db713788fbb9f4e16780a_400x400.jpeg,Pam Grier Ph.D,PamGrier,9642,false,false,false,false,false,true
2171,https://pbs.twimg.com/profile_images/1572594511422914560/CQwTY0Ag_400x400.jpg,Ø¹Ù„ÙˆØ§Ù† Ø§Ù„Ø³Ù‡ÙŠÙ…ÙŠ,alwanSu,9655,false,false,false,false,false,true
160880,https://pbs.twimg.com/profile_images/935294939583467524/9sKs0L72_400x400.jpg,Ø¥Ø³Ù„Ø§Ù… Ø¬Ø§ÙˆÙŠØ´,islamgawish,9639,false,false,false,false,false,true
1170352,https://pbs.twimg.com/profile_images/1575238197063389191/4V1hSb3Z_400x400.jpg,Ù…Ø§Ù„Ùƒ Ù†Ø¬Ø± Malik Nejer,Nejer,9659,false,false,false,false,false,true
15021,https://pbs.twimg.com/profile_images/1058835122303074304/MuUrSkbI_400x400.jpg,John Joseph Adams (on social media hiatus),JohnJosephAdams,9643,false,false,false,false,false,true
1144760,https://pbs.twimg.com/profile_images/1213790116/1_400x400.jpg,Abdullah Bin Mosaad,Saudi49er,9653,false,false,false,false,false,true
322672,https://pbs.twimg.com/profile_images/795953067225186304/LMtgneqO_400x400.jpg,Ù…Ø­Ù…Ø¯ Ø§Ù„Ø­Ø³Ù† Ø§Ù„Ø¯Ø¯Ùˆ,ShaikhDadow,9660,false,false,false,false,false,true
229115,https://pbs.twimg.com/profile_images/1268625251509952512/ag0cqG9D_400x400.jpg,Ù†ÙˆØ±Ø§ Ø§Ù„Ù…Ø·ÙŠØ±ÙŠ ğŸ•Š,Noura_Almoteari,9662,false,false,false,false,false,true
85293,https://pbs.twimg.com/profile_images/1394357315147636739/4uXbAEJ2_400x400.jpg,Ø¹Ø¨Ø¯Ø§Ù„Ø±Ø²Ø§Ù‚ Ø§Ù„ØµØ§Ø¹Ø¯ÙŠ,sa2626sa,9670,false,false,false,false,false,true
1533204,https://pbs.twimg.com/profile_images/578616032065155072/o6FFy3qG_400x400.jpeg,A Mansour Ø£Ø­Ù…Ø¯ Ù…Ù†ØµÙˆØ±,amansouraja,9663,false,false,false,false,false,true
1947961,https://pbs.twimg.com/profile_images/1600913116623261696/TZt0BZ1Q_400x400.jpg,Ø¹Ø¨Ø¯Ø§Ù„Ù„Ù‡ Ø§Ù„Ø´Ø±ÙŠÙ,AbdullahElshrif,9664,false,false,false,false,false,true
171384,https://pbs.twimg.com/profile_images/1448424102256123906/PVCn81HR_400x400.jpg,Ala Hamdan â€¢ Ø§Ù„Ø§Ø¡ Ø­Ù…Ø¯Ø§Ù†,AlaHamdann,9665,false,false,false,false,false,true
13796,https://pbs.twimg.com/profile_images/1600544599889567746/53h__W1__400x400.jpg,Ø³ÙÙ‡ÙÙŠÙ„ Ø§Ù„Ø´ÙØ±ÙŠÙ â¹ ğŸ“–,sosx93,9666,false,false,false,false,false,true
49984,https://pbs.twimg.com/profile_images/1449290347935375360/H3k2wEWP_400x400.jpg,Ù…Ø­Ù…Ø¯ Ø¹Ø¨Ø¯Ø§Ù„Ø¹Ø²ÙŠØ²,Mo_aziz_hagin,9667,false,false,false,false,false,true
69073,https://pbs.twimg.com/profile_images/1579568946432380935/2zl-T1o8_400x400.jpg,Ø£.Ø¯.Ø¸Ø§ÙØ± Ø§Ù„Ø¹Ù…Ø±ÙŠ,DrDHAFIRAMRI,9668,false,false,false,false,false,true
1181827,https://pbs.twimg.com/profile_images/1226999611744755713/WYF4GRNP_400x400.jpg,Ù…Ø­Ù…Ø¯ Ø£Ø¨ÙˆØ¹Ø¨ÙŠØ¯,mobeid,9669,false,false,false,false,false,true
170378,https://pbs.twimg.com/profile_images/1530982763112849409/nG53c17j_400x400.jpg,Ø¯. Ù†Ø§ÙŠÙ Ø¨Ù† Ù†Ù‡Ø§Ø±,binnahar85,9671,false,false,false,false,false,true
69012,https://pbs.twimg.com/profile_images/1620871301236654082/9J_twgdT_400x400.jpg,Ø³Ø¹Ø¯ Ø§Ù„Ù…Ù‡Ù†Ø¯ÙŠ,SaadAlmuhanadi,9672,false,false,false,false,false,true
3412389,https://pbs.twimg.com/profile_images/987329552027439104/KlkUNFIl_400x400.jpg,ÙˆÙŠÙ„ÙŠØ§Ù… Ø´ÙƒØ³Ø¨ÙŠØ±,Wam_Shakespeare,9673,false,false,false,false,false,true
117936,https://pbs.twimg.com/profile_images/1535723810837741570/II9QkwDL_400x400.jpg,Ø¹Ø¨Ø¯Ø§Ù„Ø±Ø­Ù…Ù† Ø§Ù„Ù†ÙˆÙÙ„,Abdulalnofal,9685,false,false,false,false,false,true
3510902,https://pbs.twimg.com/profile_images/971266971340824576/7L83Sdth_400x400.jpg,ÙŠÙˆØ³Ù Ø§Ù„Ù‚Ø±Ø¶Ø§ÙˆÙŠ,alqaradawy,9674,false,false,false,false,false,true
146273,https://pbs.twimg.com/profile_images/1544992054295552001/VoF8vVjN_400x400.jpg,Ø®Ù„ÙŠÙ„ Ø§Ù„Ù…Ù‚Ø¯Ø§Ø¯,Kalmuqdad,9678,false,false,false,false,false,true
29133,https://pbs.twimg.com/profile_images/1420381429993775104/6Ca2LDMy_400x400.jpg,Ø³Ù„Ø·Ø§Ù† Ø§Ù„Ø¹ØµÙŠÙ…ÙŠ,sultan77767,9682,false,false,false,false,false,true
77031,https://pbs.twimg.com/profile_images/1598063994442579981/LvwtZLjF_400x400.jpg,Saeed Alsaleh | â€Ø³Ø¹ÙŠØ¯ Ø§Ù„ØµØ§Ù„Ø­,saedalsaleh1,9686,false,false,false,false,false,true
11047784,https://pbs.twimg.com/profile_images/935311151210094593/1yuTRZ3g_400x400.jpg,Amr Khaled,amrkhaled,9675,false,false,false,false,false,true
126164,https://pbs.twimg.com/profile_images/1485312540473270277/fYPEnW2C_400x400.jpg,Ø®Ø·Ø§Ù Ø§Ù„Ø®Ø·Ø§Ù,khattaf1,9683,false,false,false,false,false,true
334696,https://pbs.twimg.com/profile_images/1415737605593997324/VOtU4aZ4_400x400.jpg,Ø¯. Ù…ØµØ·ÙÙ‰ Ù…Ø­Ù…ÙˆØ¯,Msmahmo,9677,false,false,false,false,false,true
2502611,https://pbs.twimg.com/profile_images/1619214155419877376/jPWyZ4H4_400x400.jpg,Ø¹Ø§Ø¯Ù„ Ø¹Ù„ÙŠ Ø¨Ù† Ø¹Ù„ÙŠ,AdelAliBinAli,9679,false,false,false,false,false,true
1171410,https://pbs.twimg.com/profile_images/1588626865354407940/sLjYvzrx_400x400.jpg,Ø£Ø¯Ù‡Ù… Ø´Ø±Ù‚Ø§ÙˆÙŠ,adhamsharkawi,9680,false,false,false,false,false,true
108010,https://pbs.twimg.com/profile_images/1561075490676527111/pM7gNiWl_400x400.jpg,Ø¨Ù†Ø¯Ø± Ø§Ù„Ù…Ø³Ù†Ø¯,EcoOneE,9687,false,false,false,false,false,true
182783,https://pbs.twimg.com/profile_images/1534654040788938753/2kLleTsp_400x400.jpg,Ø­Ù…Ø¯ Ø¨Ù† ÙÙ‡Ø¯ğŸ§ ,iHamadFahad7,9681,false,false,false,false,false,true
248374,https://pbs.twimg.com/profile_images/1504062796539088899/0MU9cXxe_400x400.jpg,Ø¯.Ø¹Ø§ØµÙ… Ø§Ù„Ø¹Ù‚ÙŠÙ„,asemalaqeel,9684,false,false,false,false,false,true
106945,https://pbs.twimg.com/profile_images/1489746003993542658/bn7GPYLj_400x400.jpg,Abdel Ø¹Ø¨Ø¯ Ø§Ù„Ù‚Ø§Ø¯Ø± Ø³Ø¹ÙŠØ¯,abdelkadr_saeid,9689,false,false,false,false,false,true
257517,https://pbs.twimg.com/profile_images/1579564629054918673/J0lQjR-r_400x400.jpg,ÙØ¤Ø§Ø¯ Ø§Ù„ÙØ±Ø­Ø§Ù†,alfarhan,9690,false,false,false,false,false,true
419756,https://pbs.twimg.com/profile_images/1496183199839490052/NvRRsFHK_400x400.jpg,Ø±Ø§Ø¬Ø­ Ø§Ù„Ø­Ø§Ø±Ø«ÙŠ,rajeh_90,9695,false,false,false,false,false,true
96048,https://pbs.twimg.com/profile_images/1387578952701591554/4WBshnhH_400x400.jpg,Ø®Ø±Ø³Ø§Ø¡,lemo_pieces,9704,false,false,false,false,false,true
108562,https://pbs.twimg.com/profile_images/1615778297513656325/YlgPHzp7_400x400.jpg,Ù†Ø§ØµØ± Ø§Ù„Ø¹Ù‚ÙŠÙ„,NaserRocky,9691,false,false,false,false,false,true
291415,https://pbs.twimg.com/profile_images/1614019376717484057/IcNllRYC_400x400.jpg,Ø¹Ø¨Ø¯Ø§Ù„Ù„Ù‡ | Ù…Ù„Ø²Ù„Ø²,m5aoi,9692,false,false,false,false,false,true
165725,https://pbs.twimg.com/profile_images/1532114523980713985/xz0Yd6t9_400x400.jpg,Ø¹Ø¨Ø¯Ø§Ù„Ù„Ù‡ Ø§Ù„Ø¹Ù„Ø§ÙˆÙŠ,Abdullah_yw,9693,false,false,false,false,false,true
43586,https://pbs.twimg.com/profile_images/923659891298000896/mOCVJod7_400x400.jpg,Ù‡Ø§Ù„Ø§ Ù…Ø±Ø¹ÙŠ,HalaHmerie,9702,false,false,false,false,false,true
375740,https://pbs.twimg.com/profile_images/1598802695015604231/5Z9qAOtC_400x400.jpg,TMFaisal ğŸ® ÙÙŠØµÙ„,TMFaisalx,9694,false,false,false,false,false,true
506374,https://pbs.twimg.com/profile_images/1607421770285387778/v2pETx4__400x400.jpg,Ø¹ØµØ§Ù… Ø§Ù„Ø¯Ù…ÙŠÙ†ÙŠ,esamway2,9696,false,false,false,false,false,true
155780,https://pbs.twimg.com/profile_images/1490625129298149377/7_gJ2fwG_400x400.jpg,Ù…Ø¹Ø§Ø° Ø§Ù„Ø¬Ù‡Ù†ÙŠ,MuathAljohani,9700,false,false,false,false,false,true
10365,https://pbs.twimg.com/profile_images/1609532154106597376/0PMg3TkI_400x400.jpg,Ø­Ø³Ù† Ø§Ù„Ø£Ù„Ù…Ø¹ÙŠ,HasanAlalmae,9697,false,false,false,false,false,true
148850,https://pbs.twimg.com/profile_images/1571444371567902720/Vu7ev_Ay_400x400.jpg,ÙÙŠØµÙ„ Ø§Ù„Ø¯Ø³ÙŠÙ…Ø§Ù†ÙŠ,HealthyFaisal,9706,false,false,false,false,false,true
71716,https://pbs.twimg.com/profile_images/1422923588638810112/HbLh2rW3_400x400.jpg,Ø¬Ù…Ø§Ù„ Ø­Ø³ÙŠÙ† Ø¹Ù„ÙŠ,JamalhusA,9698,false,false,false,false,false,true
80899,https://pbs.twimg.com/profile_images/1623567019948838913/DUNONbgA_400x400.jpg,Ø²ÙƒÙŠ Ø§Ù„Ø¹Ù„ÙŠ,Alail00,9699,false,false,false,false,false,true
8729,https://pbs.twimg.com/profile_images/1562652477056491520/VAlUROpP_400x400.jpg,Ø¹Ù„ÙŠ Ø¨Ù† Ù…Ø­Ù…Ø¯ Ø§Ù„Ø±Ø¨Ø§Ø¹ÙŠ,Al_ARobai,9701,false,false,false,false,false,true
110488,https://pbs.twimg.com/profile_images/1580030189907705856/KXbr4bBH_400x400.jpg,Ø£Ø­Ù…Ø¯ Ø³Ø§Ù„Ù…,iEzOr,9703,false,false,false,false,false,true
168698,https://pbs.twimg.com/profile_images/1578780577070829569/-OOe9njF_400x400.jpg,Ù…Ø­Ù…Ø¯ Ø§Ù„Ø³Ø§Ù„Ù…,iMohammedB,9705,false,false,false,false,false,true
47134,https://pbs.twimg.com/profile_images/1612295088524218368/rCpME3o-_400x400.jpg,ØµÙÙŠØ© Ù…Ø­Ù…Ø¯ Ø§Ù„Ø´Ø­ÙŠ,safiaalshehi,9708,false,false,false,false,false,true
401614,https://pbs.twimg.com/profile_images/1621878038177751046/mfY1nZ9e_400x400.jpg,ÙƒÙˆØ«Ø± Ø§Ù„Ø£Ø±Ø¨Ø´,kowthermusa,9707,false,false,false,false,false,true
103971,https://pbs.twimg.com/profile_images/1627619412126695426/uD7TGOqT_400x400.jpg,Ø­Ø§ØªÙÙ… Ø§Ù„Ù†Ø¬Ù‘Ø§Ø±,HatemD90,9709,false,false,false,false,false,true
52796,https://pbs.twimg.com/profile_images/1567203360150781952/9V6BBdsG_400x400.jpg,Ø¹Ø¨Ø¯Ø§Ù„Ù„Ù‡ Ø§Ù„Ø¨ÙƒØ±,ALBaker_A,9710,false,false,false,false,false,true
569266,https://pbs.twimg.com/profile_images/1245996017327034370/VIyCVJHN_400x400.jpg,Ø£Ø­Ù…Ø¯ Ø§Ù„Ø·ÙŠØ¨,alimamaltayeb,9712,false,false,false,false,false,true
32000,https://pbs.twimg.com/profile_images/1595761544931020804/Z349rWFf_400x400.jpg,Ù†Ø¯Ù‰ Ø§Ù„Ø´ÙŠØ¨Ø§Ù†ÙŠ,Nalshaibani,9728,false,false,false,false,false,true
29738,https://pbs.twimg.com/profile_images/1614867536104886273/5VpKTCJJ_400x400.jpg,ÙÙŠØµÙ„ Ø§Ù„Ø£Ø­Ù…Ø±ÙŠ,FaisalAl_Ahmari,9711,false,false,false,false,false,true
594465,https://pbs.twimg.com/profile_images/1283417481034555396/qVreLbRi_400x400.jpg,Ø¯. Ø®Ù€Ø§Ù„Ø¯ Ø¢Ù„ Ø³Ù€Ø¹Ù€ÙˆØ¯,dr_khalidalsaud,9725,false,false,false,false,false,true
684659,https://pbs.twimg.com/profile_images/1248968731826348032/AoNmGwPN_400x400.jpg,Barry,barry4reall,9713,false,false,false,false,false,true
185255,https://pbs.twimg.com/profile_images/1432073498525065218/n3H-d4an_400x400.jpg,Faisal,Faisal,9722,false,false,false,false,false,true
6692003,https://pbs.twimg.com/profile_images/982935050898591744/q2Rbrh9s_400x400.jpg,Ø§Ù„Ø´ÙŠØ® ØµØ§Ù„Ø­ Ø§Ù„Ù…ØºØ§Ù…Ø³ÙŠ,SalehAlmoghamsy,9714,false,false,false,false,false,true
5048037,https://pbs.twimg.com/profile_images/1605828355764412418/JyCrz5Du_400x400.jpg,Ù…Ø­Ù…Ø¯ Ø£Ø¨ÙˆØªØ±ÙŠÙƒØ©,trikaofficial,9716,false,false,false,false,false,true
5154,https://pbs.twimg.com/profile_images/548531360202096640/wvZuOWiN_400x400.jpeg,Ø¯. Ù…ÙÙ†Ù‰ Ø§Ù„Ø¹ØªÙŠØ¨ÙŠ,monaotib,9731,false,false,false,false,false,true
140757,https://pbs.twimg.com/profile_images/1583880503891038215/wktEiVd0_400x400.jpg,Ø¬Ù…Ø§Ù„ Ø¨Ù† Ø­ÙˆÙŠØ±Ø¨,JamalBnHuwaireb,9726,false,false,false,false,false,true
171815,https://pbs.twimg.com/profile_images/1359950345699532811/N1NGAwvH_400x400.jpg,Ø¥Ø¨Ø±Ø§Ù‡ÙŠÙ… Ø³Ø±Ø­Ø§Ù† | Ibrahim Sarhan,sarhaniy,9720,false,false,false,false,false,true
11528,https://pbs.twimg.com/profile_images/925453347116765184/rBliYmbB_400x400.jpg,Ù‡Ø§Ù†ÙŠ Ø­ÙŠØ¯Ø±,Hani_Haidar,9718,false,false,false,false,false,true
61632,https://pbs.twimg.com/profile_images/1488445624827756556/bTK48zdq_400x400.jpg,Ø¹Ø§ÙŠØ¯ Ø§Ù„Ù‡Ø±ÙÙŠ,aiyd2012,9724,false,false,false,false,false,true
568259,https://pbs.twimg.com/profile_images/1031488842212274181/D_PIi5Zz_400x400.jpg,Ø£.Ø¯ Ø¹Ø¨Ø¯Ø§Ù„Ù„Ù‡ Ø§Ù„ÙÙˆØ²Ø§Ù†,amfozan,9723,false,false,false,false,false,true
394337,https://pbs.twimg.com/profile_images/1446189594932879366/zQ1c157X_400x400.jpg,Ø¹Ø¨Ø¯Ø§Ù„Ù„Ù‡ Ø§Ù„Ø¨Ù†Ø¯Ø±,a_albander,9727,false,false,false,false,false,true
500775,https://pbs.twimg.com/profile_images/1439975204604710914/UbUtjyhC_400x400.png,Chuck Palahniuk,chuckpalahniuk,3069,true,false,false,false,true,true
2337376,https://pbs.twimg.com/profile_images/1488300898031919108/a8PBrxsA_400x400.jpg,Ù…Ø­Ù…Ø¯ Ø§Ù„Ø±Ø·ÙŠØ§Ù†,alrotayyan,9729,false,false,false,false,false,true
1050655,https://pbs.twimg.com/profile_images/1403392611352776711/PGKGpHyI_400x400.jpg,ÙÙ‡Ø¯ Ø§Ù„Ø¨Ù‚Ù…ÙŠ,FahdAlbogami,9730,false,false,false,false,false,true
21142,https://pbs.twimg.com/profile_images/1607876761278087170/N_BVo2xT_400x400.jpg,Neven | Ù†ÙŠÚ¤ÙŠÙ† ğŸ“šğŸŒ¿ğŸ§˜ğŸ»â€â™€ï¸,nevenreads,9688,false,false,false,false,false,true
1189105,https://pbs.twimg.com/profile_images/1529226933258559489/wtXPRn2h_400x400.jpg,Hasan Ismaik - Ø­Ø³Ù† Ø¥Ø³Ù…ÙŠÙƒ,HasanIsmaik,9741,false,false,false,false,false,true
99068,https://pbs.twimg.com/profile_images/1588151719741034498/42XH9snf_400x400.jpg,Ø¯ Ø®Ø§Ù„Ø¯ Ø¨Ù† Ø­Ù…Ø¯ Ø§Ù„Ø¬Ø§Ø¨Ø±,Khalid_Aljaber,9734,false,false,false,false,false,true
217301,https://pbs.twimg.com/profile_images/1584668460352765954/K6Q4ri4z_400x400.jpg,Ø­Ù…Ø¯ Ø¨Ù† Ø¹Ø¨Ø¯Ø§Ù„Ù„Ù‡ Ø§Ù„Ø¯ÙˆØ³Ø±ÙŠğŸ‡¸ğŸ‡¦,hamad_dosare,9745,false,false,false,false,false,true
111044,https://pbs.twimg.com/profile_images/1434657100270026757/eGZ-3kVf_400x400.jpg,Ø¯. Ù…Ø´Ø¹Ù„ Ø§Ù„ÙÙ„Ø§Ø­ÙŠ,Malfala7i,9735,false,false,false,false,false,true
311103,https://pbs.twimg.com/profile_images/1217742168279961601/w6yOAm4W_400x400.jpg,Ø¬Ø§Ø³Ø± Ø§Ù„Ù…Ø§Ø¶ÙŠ,jassser15,9737,false,false,false,false,false,true
284582,https://pbs.twimg.com/profile_images/931187162694942720/WScYLr9X_400x400.jpg,Ø¯.Ø¹Ù„ÙŠ Ø§Ù„Ø´Ø¨ÙŠÙ„ÙŠ..,Ali_Alshobaili,9736,false,false,false,false,false,true
260759,https://pbs.twimg.com/profile_images/1386690950613848068/1wcdNxk5_400x400.jpg,Khalid Al-Hail Ø®Ø§Ù„Ø¯ Ø§Ù„Ù‡ÙŠÙ„,khalidalhaill,9738,false,false,false,false,false,true
40369,https://pbs.twimg.com/profile_images/1614898563829436417/n_b-pePR_400x400.jpg,Ø±Ø§Ø¦Ø¯ Ø§Ù„Ø¹ÙŠØ¯,Raed_Aleid,9742,false,false,false,false,false,true
50302,https://pbs.twimg.com/profile_images/655061652065382400/rO9GOFWS_400x400.jpg,Ù†Ø¨ÙŠÙ„ ÙÙ‡Ø¯ Ø§Ù„Ù…Ø¹Ø¬Ù„,NabeelAlmojil,9739,false,false,false,false,false,true
121438,https://pbs.twimg.com/profile_images/1271950315563212800/y793gyEI_400x400.jpg,Ø¹Ø§Ø±Ù Ø­Ø¬Ø§ÙˆÙŠ,aref_hijjawi,9743,false,false,false,false,false,true
250133,https://pbs.twimg.com/profile_images/1283169692102938628/W37VgYyB_400x400.jpg,Ø±Ø´Ø§Ø¯ Ø­Ø³Ù†,watheh1,9740,false,false,false,false,false,true
243621,https://pbs.twimg.com/profile_images/1398973910809550852/XykNn8NU_400x400.jpg,Ø®Ø§Ù„Ø¯ Ø¨Ù† Ø§Ø¨Ø±Ø§Ù‡ÙŠÙ… Ø§Ù„Ø¬Ø±ÙŠÙˆÙŠ,k_i_j99,9744,false,false,false,false,false,true
65224,https://pbs.twimg.com/profile_images/908610031549022208/oBfnH8iv_400x400.jpg,Agatha Christie,agathachristie,3762,true,false,false,true,true,true
51122,https://pbs.twimg.com/profile_images/1452875676667817987/5lHCzyl6_400x400.jpg,Ù…Ù‡Ø§ Ø³Ù„ÙŠÙ…Ø§Ù† Ø§Ù„Ù†Ø­ÙŠØ·,mahaalnuhait,9767,false,false,false,false,false,true
47940,https://pbs.twimg.com/profile_images/1471095312349638659/aHHmoCcB_400x400.jpg,Ù…Ù…Ø¯ÙˆØ­ Ø§Ù„Ø±ÙÙŠØ¯,mamdouh4729,9772,false,false,false,false,false,true
5914666,https://pbs.twimg.com/profile_images/709812973519413248/dEupp81g_400x400.jpg,Abdelfattah Elsisi,AlsisiOfficial,3856,true,false,false,false,false,true
94531,https://pbs.twimg.com/profile_images/1575496920155688962/q9bkcM8a_400x400.jpg,Ø±Ø§Ø¦Ø¯ Ø§Ù„Ù‚Ø±Ù†ÙŠ,BetterCallRaed,9746,false,false,false,false,false,true
444107,https://pbs.twimg.com/profile_images/1595057995666399233/0HFrjR6o_400x400.jpg,SHUAIB Ø´Ø¹ÙŠØ¨,Sh3aib,9759,false,false,false,false,false,true
17989,https://pbs.twimg.com/profile_images/1598063101030662172/2SNssM7c_400x400.jpg,Ø®Ø§Ù„Ø¯ Ø§Ù„Ø­Ø§Ù…Ø¯,khhk1437,9747,false,false,false,false,false,true
32697,https://pbs.twimg.com/profile_images/1601128877790740480/Q__HZ9cK_400x400.jpg,Ù…Ø±Ø§Ù… Ø¹Ø¨Ø¯Ø§Ù„Ø¹Ø²ÙŠØ²,MaramAbdulaziz,9748,false,false,false,false,false,true
59089,https://pbs.twimg.com/profile_images/1413646574123618306/dowsOPtk_400x400.jpg,Ù…Ø­Ù…Ø¯ Ø§Ù„Ø¨Ù„Ø§Ø¯ÙŠ,m_albeladi,9749,false,false,false,false,false,true
28958,https://pbs.twimg.com/profile_images/1610947551011676161/QK16F0fv_400x400.jpg,Ø¹Ø§Ù…Ø± Ø¨Ù† ÙÙ‡Ø¯,3amerfahd1988,9750,false,false,false,false,false,true
787088,https://pbs.twimg.com/profile_images/1533759883937517571/5XnluqpE_400x400.jpg,Ø¹Ø¨Ø¯Ø§Ù„Ø±Ø­Ù…Ù† Ø§Ù„Ø¬Ø¨Ø±ÙŠÙ†,a_jbren,9751,false,false,false,false,false,true
12580,https://pbs.twimg.com/profile_images/463687533348388864/6WgmPC56_400x400.jpeg,Ø¬Ù„Ø§Ù„ Ø§Ù„Ø®ÙˆØ§Ù„Ø¯Ø©,Jalalkhawaldh,9753,false,false,false,false,false,true
58950,https://pbs.twimg.com/profile_images/1136138220868165632/I8I7A1Sj_400x400.jpg,Ø·Ø§Ø±Ù‚ Ø§Ù„Ø£Ø­Ù…Ø±ÙŠ,ttalahmari,9764,false,false,false,false,false,true
589058,https://pbs.twimg.com/profile_images/1608453312273158146/R6gkmjA5_400x400.jpg,Ø¹Ø¨Ø¯Ø§Ù„Ø±Ø­Ù…Ù† Ø§Ù„Ù…Ø¹ÙŠÙ€Ù€Ø°Ø±,Abdulraman9,9752,false,false,false,false,false,true
18807,https://pbs.twimg.com/profile_images/1618745356048650241/mUMO7f2o_400x400.jpg,Ø¹Ø¨Ø¯ Ø§Ù„Ø¹Ø²ÙŠØ² Ø¹Ù…Ø± Ø§Ù„Ø±Ø®ÙŠÙ…ÙŠ,AOBW86,9760,false,false,false,false,false,true
5807,https://pbs.twimg.com/profile_images/1533058188630798337/97hsQzSY_400x400.jpg,ÙŠØ§Ù…ÙŠ Ø£Ø­Ù…Ø¯,Yaminism,9754,false,false,false,false,false,true
689507,https://pbs.twimg.com/profile_images/1486791625535799302/xM7Vouo1_400x400.jpg,Ø¹Ø¶ÙˆØ§Ù† Ø§Ù„Ø£Ø­Ù…Ø±ÙŠ,Adhwan,9774,false,false,false,false,false,true
25567,https://pbs.twimg.com/profile_images/1430957481962967043/FQqStgP7_400x400.jpg,Ø¯.Ø²ÙŠÙ†Ø¨ Ø§Ù„Ø®Ø¶ÙŠØ±ÙŠ,writerzainab000,9755,false,false,false,false,false,true
22336,https://pbs.twimg.com/profile_images/1130766231701733376/6033MFtO_400x400.jpg,Ù…Ø­Ù…Ø¯ Ø§Ù„Ø¨ØºÙ„ÙŠ,albaghli74,9756,false,false,false,false,false,true
86335,https://pbs.twimg.com/profile_images/978736680407531520/4BQ82c0D_400x400.jpg,|~ ÙÙ‡Ø¯ Ø§Ù„ØªÙ…ÙŠÙ…ÙŠ,FaFeMr,9762,false,false,false,false,false,true
13917,https://pbs.twimg.com/profile_images/1552743177567748096/CNEKGC5j_400x400.jpg,Ø¹Ø²Øª Ø§Ù„Ù‚Ù…Ø­Ø§ÙˆÙŠ,elkamhawi,9757,false,false,false,false,false,true
102877,https://pbs.twimg.com/profile_images/1577750578729566214/LxkNuB2Z_400x400.jpg,Ù‡ÙØ¯Ù‰ Ø¨ÙÙ†Øª Ø¹ÙØ¨Ø¯ÙØ§Ù„Ù„Ù‡,HudaBintAbdulla,9768,false,false,false,false,false,true
106162,https://pbs.twimg.com/profile_images/1615795261166522374/5PLcFfVG_400x400.jpg,Ø³Ù„Ø·Ø§Ù† Ø§Ù„Ø³Ø¹Ø¯ Ø§Ù„Ù‚Ø­Ø·Ø§Ù†ÙŠ,SultanQhtani,9758,false,false,false,false,false,true
10648,https://pbs.twimg.com/profile_images/1450080956287750146/qqZxyBus_400x400.jpg,Ù‡Ø´Ø§Ù… Ø§Ù„Ø¹Ø¨ÙŠÙ„ÙŠ,HSaad78,9761,false,false,false,false,false,true
24125,https://pbs.twimg.com/profile_images/1617493655039655937/AYBpyrfB_400x400.jpg,Ù†ÙŠØ±Ù…ÙŠÙ† Ù…Ø­Ø³Ù†,Nrmin_alZahrani,9769,false,false,false,false,false,true
203885,https://pbs.twimg.com/profile_images/1558061487138144256/3qtcwfmE_400x400.jpg,Ø´Ø±ÙˆÙ‚ Ø§Ù„Ù‚ÙˆÙŠØ¹ÙŠ,ShrooqAlquwaie,9763,false,false,false,false,false,true
49118,https://pbs.twimg.com/profile_images/1533689410046373888/Akvh3gGy_400x400.jpg,Ù…Ø­Ù…Ø¯ Ø§Ù„Ø´Ø«Ø±ÙŠ,m_a_alshathry,9765,false,false,false,false,false,true
92799,https://pbs.twimg.com/profile_images/1564292540127485956/qYdUc1z9_400x400.jpg,Ø¯ . Ø´Ø¬Ø§Ø¹ Ø§Ù„Ù‚Ø­Ø·Ø§Ù†ÙŠ,shqaht,9766,false,false,false,false,false,true
116427,https://pbs.twimg.com/profile_images/1554144655410958338/N1MBe8c__400x400.jpg,Ø¹Ø¨Ø¯Ø§Ù„Ù„Ù‡ Ø§Ù„Ø³Ø¹Ø¯ÙˆÙ†,AbdulSadoun,9771,false,false,false,false,false,true
158993,https://pbs.twimg.com/profile_images/1599658017678675968/JkEctFzx_400x400.jpg,Ø¯.Ù„Ù…ÙŠØ§Ø¡ Ø§Ù„Ø¨Ø±Ø§Ù‡ÙŠÙ…,DrLalibrahim,9770,false,false,false,false,false,true
197409,https://pbs.twimg.com/profile_images/1472763078844555265/BDQv8FCv_400x400.jpg,Ø­Ù…ÙˆØ¯ Ø§Ù„ÙØ§ÙŠØ² (Ø£Ø¨Ùˆ Ø´ÙŠØ®Ø©),HomudAlfayez,9773,false,false,false,false,false,true
22283,https://pbs.twimg.com/profile_images/1005925414529888257/0Yt92J_2_400x400.jpg,Ø¯. ÙŠÙˆØ³Ù Ø§Ù„Ø­Ø²ÙŠÙ…,DR_Y_Binhuzaim,9778,false,false,false,false,false,true
66468,https://pbs.twimg.com/profile_images/1385046662201085955/IfYJ53mc_400x400.jpg,Ù†Ø§ÙŠÙ Ø§Ù„Ø¯Ù†Ø¯Ù†ÙŠ | Naif Aldandeni,NaifAldandeni,9775,false,false,false,false,false,true
181,https://pbs.twimg.com/profile_images/1539210011783704576/yog1XfhY_400x400.jpg,Ù…Ø­Ù…Ø¯Ø§Ù„Ø¨Ø±Ø§Ùƒ Ø§Ø¨ÙˆÙ†Ø§ÙŠÙ,yicnpTDL6MlEsa1,9781,false,false,false,false,false,true
62613,https://pbs.twimg.com/profile_images/1266278983194177536/3_Y3v6lD_400x400.jpg,â€ï®¼Ø³Ø§Ù…ÙŠ â€ï®¼Ù‚Ø§Ø³Ù…ÙŠ sami kasmi,SamyKasmiSKY,9776,false,false,false,false,false,true
142087,https://pbs.twimg.com/profile_images/1609963485114372096/uT7WZWg8_400x400.jpg,Ø¯. Ù…Ø­Ù…Ø¯ Ø§Ù„ÙˆÙ„ÙŠØ¯ÙŠ,Dr_Alwaleedi,9782,false,false,false,false,false,true
622677,https://pbs.twimg.com/profile_images/1284862966265982977/ZH1JJWQx_400x400.jpg,ÙˆØ§ÙÙŠ Ø¨Ù† Ø¹Ø¨Ø¯Ø§Ù„Ù„Ù‡,Dr_Wafy,9779,false,false,false,false,false,true
1617923,https://pbs.twimg.com/profile_images/1578818548478115841/dzalZ3B-_400x400.jpg,Timbaland,Timbaland,5568,true,false,false,false,false,true
27307,https://pbs.twimg.com/profile_images/1381413249107771394/JPcyoJQp_400x400.jpg,Moayyad AlSalem M.D. Ø¯.Ù…Ø¤ÙŠØ¯ Ø§Ù„Ø³Ø§Ù„Ù…,MoayyadSS,9780,false,false,false,false,false,true
1148,https://pbs.twimg.com/profile_images/1615382046712516614/nHvV_PxX_400x400.jpg,Ibrahim Alfawzan,Ibrahimalfawzan,9783,false,false,false,false,false,true
41104,https://pbs.twimg.com/profile_images/1594612232360452096/gtIuI23A_400x400.jpg,Dr. Doaa Mirah | Ø¯. Ø¯Ø¹Ø§Ø¡ Ù…ÙŠØ±Ø©,DrMirah,9784,false,false,false,false,false,true
188543,https://pbs.twimg.com/profile_images/1631024483908583424/YZlMNcGN_400x400.jpg,ØºØ§Ø¯Ø© Ø§Ù„Ø¹ÙŠØ¯ÙŠ,ghadahaleidi,9794,false,false,false,false,false,true
8564,https://pbs.twimg.com/profile_images/1469047675349778436/RT95r8CP_400x400.jpg,Ø¹Ø¨Ø¯Ø§Ù„Ø¹Ø²ÙŠØ² Ø¨Ù† Ù…Ø­Ù…Ø¯,abdulaziz_m1406,9808,false,false,false,false,false,true
654301,https://pbs.twimg.com/profile_images/1590298376293302275/WGgE_c2G_400x400.jpg,kada benamar Ù‚Ø§Ø¯Ø© Ø¨Ù† Ø¹Ù…Ø§Ø±,benamar31,9792,false,false,false,false,false,true
398623,https://pbs.twimg.com/profile_images/1503189972437807104/URQAG7TY_400x400.jpg,Ù…Ø­Ù…Ø¯ Ø§Ù„Ù†Ø­ÙŠØª,M_Alnhet,9795,false,false,false,false,false,true
22951,https://pbs.twimg.com/profile_images/1567242900160880645/aS72m1Kc_400x400.jpg,Ø§Ù„Ù…Ø­Ø§Ù…ÙŠØ© Ø®Ù„ÙˆØ¯ Ù†Ø§ØµØ± Ø§Ù„ØºØ§Ù…Ø¯ÙŠğŸ¤,kholoudlawyer,9797,false,false,false,false,false,true
149877,https://pbs.twimg.com/profile_images/1507836983875354625/_RbX8UVn_400x400.jpg,Ø±Ø¤Ù‰ Ø§Ù„ØµØ¨Ø§Ù†,Roaa_Alsabban,9817,false,false,false,false,false,true
38052,https://pbs.twimg.com/profile_images/1604048425955328001/Vypbr1_o_400x400.jpg,Ø§Ù„Ù…Ø­Ø§Ù…ÙŠ Ø¹Ø¨Ø¯Ø§Ù„ÙƒØ±ÙŠÙ… Ø§Ù„Ø´Ù…Ø±ÙŠ ABDULKARIM ALSHAMMARI,KARIM_LEGAL,9821,false,false,false,false,false,true
18876,https://pbs.twimg.com/profile_images/1573489522653937680/lZsw3l3c_400x400.jpg,Leena Abdullah | Ù„ÙŠÙ†Ø© Ø¹Ø¨Ø¯Ø§Ù„Ù„Ù‡,RealLeenaAbdula,9796,false,false,false,false,false,true
1234784,https://pbs.twimg.com/profile_images/1532058732028469248/svYJ1R6K_400x400.jpg,Tawakkol Karman,TawakkolKarman,5779,true,false,false,false,false,true
707659,https://pbs.twimg.com/profile_images/1323247704789733379/ExQ35-gQ_400x400.jpg,Ø§Ù„Ù„ÙˆØ§Ø¡ Ø¬Ù…ÙŠÙ„ Ø§Ù„Ø³ÙŠÙ‘Ø¯,jamil_el_sayyed,9790,false,false,false,false,false,true
34033,https://pbs.twimg.com/profile_images/1604044974244433920/YTStDtQ1_400x400.jpg,Ø´Ù…Ø§ØŒâ™¥ï¸ğŸ‡¦ğŸ‡ª,bentzayed25,9798,false,false,false,false,false,true
6385,https://pbs.twimg.com/profile_images/1547573072391053312/owsDQ9en_400x400.jpg,#Ù†ÙˆØ§Ù_Ø§Ù„ØµÙŠØ¹Ø±ÙŠ,Nawaf_Alseari,9804,false,false,false,false,false,true
7274,https://pbs.twimg.com/profile_images/1591008673102438402/wjv6LgF7_400x400.jpg,Ø£Ø­Ù…Ø¯ Ø§Ù„Ù…Ø³ÙŠÙ†Ø¯,AhmadAlmusained,9813,false,false,false,false,false,true
33210,https://pbs.twimg.com/profile_images/1597438999278280705/kACtBNtA_400x400.jpg,Ù…Ø­Ù…Ø¯ Ø§Ù„Ø¨ÙƒØ± | Mohammed Albakr,M_A_Albakr,9819,false,false,false,false,false,true
2985000,https://pbs.twimg.com/profile_images/1517436929448587268/IiGbLxik_400x400.jpg,hafid derradji Ø­ÙÙŠØ¸ Ø¯Ø±Ø§Ø¬ÙŠ,derradjihafid,9786,false,false,false,false,false,true
880801,https://pbs.twimg.com/profile_images/1580647370659954693/1awFeNS8_400x400.jpg,Ø¹Ù„ÙŠ Ø§Ù„ØºÙÙŠÙ„ÙŠ,alialgofaily,9799,false,false,false,false,false,true
41166,https://pbs.twimg.com/profile_images/1521252998990766088/Gw7u7FtO_400x400.jpg,Ø®Ø§Ù„Ø¯ Ø§Ù„ÙŠÙˆØ³Ùâš–ï¸,KhaledAlyosif,9800,false,false,false,false,false,true
3969,https://pbs.twimg.com/profile_images/1051491698369544192/JZHLA6MS_400x400.jpg,Abdulaziz Al Muqhim Ø¹Ø¨Ø¯Ø§Ù„Ø¹Ø²ÙŠØ² Ø§Ù„Ù…Ù‚Ø­Ù…,A_AlMuqhim,9812,false,false,false,false,false,true
1044011,https://pbs.twimg.com/profile_images/1611467028476338199/Q9fehc8f_400x400.jpg,Ania El Afandi Ø¢Ù†ÙŠØ§,Ania27El,9787,false,false,false,false,false,true
131902,https://pbs.twimg.com/profile_images/1611502182062297089/qHPCRlg6_400x400.jpg,Ø®Ø¯ÙŠØ¬Ø© Ø§Ù„ÙˆØ¹Ù„,khadijahalwaal,9801,false,false,false,false,false,true
1602,https://pbs.twimg.com/profile_images/977648397594300416/aAl1-q-2_400x400.jpg,Ø¯.Ø±Ù†Ø¯ Ø§Ù„Ø¹ÙˆÙÙŠ,DrRandAlaoufi,9785,false,false,false,false,false,true
58652,https://pbs.twimg.com/profile_images/1626103013688369154/qFuJ_DbN_400x400.jpg,Ù…Ø­Ù…Ø¯ Ø§Ù„Ø´ÙŠØ¨Ø§Ù†ÙŠ,23alshaibani,9802,false,false,false,false,false,true
908586,https://pbs.twimg.com/profile_images/1608144791472164865/kyTFP9cy_400x400.jpg,ØµØ§Ù„Ø­ Ø¢Ù„ ØµØ§Ù„Ø­,wh_966,9815,false,false,false,false,false,true
936637,https://pbs.twimg.com/profile_images/551047774968774656/BGn-rsOD_400x400.jpeg,Ø¬Ù…Ø§Ù„ Ø¬Ø¨Ø§Ù„ÙŠ,Djameldjabali,9788,false,false,false,false,false,true
33207,https://pbs.twimg.com/profile_images/1511703209802444807/96aKWnt2_400x400.jpg,Ø¯. Ø¹Ù…Ø± Ø§Ù„Ø®ÙˆÙ„ÙŠ,Dr_OmarAlkhouli,9803,false,false,false,false,false,true
69827,https://pbs.twimg.com/profile_images/1582808053904297985/g2OqFSKb_400x400.jpg,Ø£Ø­Ù…Ø¯ Ø¨Ù† Ù‡Ø´Ø§Ù… Ø§Ù„Ù…Ø§Ù„ÙƒÙŠ,AlmalkiTV1,9810,false,false,false,false,false,true
1429145,https://pbs.twimg.com/profile_images/1059831298406211584/YcQhH7Ro_400x400.jpg,Ø£ÙŠÙ…Ù† Ø¬Ø§Ø¯ÙÙ‡,aymanjada,9789,false,false,false,false,false,true
285442,https://pbs.twimg.com/profile_images/1588632345669734401/WHLE8Uh4_400x400.jpg,ÙÙ‡Ø¯ Ù…Ø·Ø±,F_mtr,9805,false,false,false,false,false,true
7386,https://pbs.twimg.com/profile_images/1549999314973478914/iQ8ni7oG_400x400.jpg,Ù…Ø­Ù…Ø¯ Ø§Ù„Ø®Ù…Ø³Ø§Ù†,Moh4880,9833,false,false,false,false,false,true
22526,https://pbs.twimg.com/profile_images/1540820649047900160/5c4jyhVl_400x400.jpg,ÙÙ‡Ø¯ Ø§Ù„ØµÙŠØ¹Ø±ÙŠ,F_alsaiary,9834,false,false,false,false,false,true
523856,https://pbs.twimg.com/profile_images/1510598985655980033/LkAlp5V8_400x400.jpg,ÙŠÙˆØ³Ù Ø²ØºØ¨Ø©,YoucefZaghba,9791,false,false,false,false,false,true
6347,https://pbs.twimg.com/profile_images/1586522096116682755/9Sbb9L0Q_400x400.jpg,ÙÙŠØµÙ„ Ø§Ù„Ø¬ÙØ§Ù„,FaisalALjaffal,9806,false,false,false,false,false,true
109475,https://pbs.twimg.com/profile_images/1499310313610653696/iX7TzyeP_400x400.jpg,Ø¹Ø¨Ø¯Ø§Ù„Ø¹Ø²ÙŠØ² Ø§Ù„Ù†ØµØ±,aazizalnasr,9793,false,false,false,false,false,true
119892,https://pbs.twimg.com/profile_images/1587940483464142849/V6hc9fGA_400x400.jpg,Ø¹Ù„ÙŠ Ø§Ù„Ø­Ù…ÙŠØ¯ÙŠ,Al7my,9807,false,false,false,false,false,true
244879,https://pbs.twimg.com/profile_images/1588329969142341632/SKZJ_RjT_400x400.jpg,Ù…/ Ø¨Ø¯Ø± Ø§Ù„Ø¬Ø±Ø¨Ø§ ğŸ‡¸ğŸ‡¦,99jj88,9826,false,false,false,false,false,true
255127,https://pbs.twimg.com/profile_images/1615494398833299458/zdyyE2up_400x400.jpg,Abeer,stop_x2,9809,false,false,false,false,false,true
3086,https://pbs.twimg.com/profile_images/1566859237598322700/EQL2XRgc_400x400.jpg,Ø¬Ø§Ø±Ø§Ù„Ù„Ù‡ Ø¨Ù† Ø¹Ù„ÙŠ,i_ja8,9835,false,false,false,false,false,true
140307,https://pbs.twimg.com/profile_images/1333145479635488770/CXVOB1E3_400x400.jpg,Ø³Ø¹Ø¯ Ø¨Ù† Ø·ÙÙ„Ø© Ø§Ù„Ø¹Ø¬Ù…ÙŠ,Saadbintiflah,9811,false,false,false,false,false,true
2736,https://pbs.twimg.com/profile_images/1212861173185556480/MI-xY02T_400x400.jpg,Ø£Ø­Ù…Ø¯ Ø§Ù„Ù…Ø¹Ø§Ø±Ùƒ â¦ğŸ‡¸ğŸ‡¦â©,Ahmed_Almuarik,9824,false,false,false,false,false,true
82543,https://pbs.twimg.com/profile_images/1555627732637302785/iKHRVfQI_400x400.jpg,Malek,mahmoudsalem310,9842,false,false,false,false,false,true
2678,https://pbs.twimg.com/profile_images/1101189856569581569/AVnfBxSb_400x400.jpg,Ø¹Ø¨Ø¯Ø§Ù„Ø¹Ø²ÙŠØ² Ø§Ù„Ø¯ÙˆØ³Ø±ÙŠ,nnol20112,9859,false,false,false,false,false,true
524521,https://pbs.twimg.com/profile_images/1501604302279913476/3RVJrhQc_400x400.jpg,Ø³Ù„Ù…Ø§Ù† Ø§Ù„Ø¯ÙˆØ³Ø±ÙŠ,SalmanAldosary,9814,false,false,false,false,false,true
93596,https://pbs.twimg.com/profile_images/1599497512221548545/sUwXN3va_400x400.jpg,Ø³Ù†Ø¬Ø§Ø±,___iill01,9839,false,false,false,false,false,true
211123,https://pbs.twimg.com/profile_images/1248633303323873280/ob1aIGy0_400x400.jpg,Ø¯. ØµÙÙˆÙ‚ Ø¨Ù† Ø­Ù…ÙˆØ¯ Ø§Ù„Ø¹Ù†Ø²ÙŠ,DrSafug,9855,false,false,false,false,false,true
2045300,https://pbs.twimg.com/profile_images/616710210065793024/9hkhHRJX_400x400.png,Margaret E. Atwood,MargaretAtwood,6421,true,true,false,true,true,true
167616,https://pbs.twimg.com/profile_images/1478497295486242818/hgowMA0w_400x400.jpg,Isabel Allende,isabelallende,2728,true,true,true,true,true,true
91130,https://pbs.twimg.com/profile_images/1262310153052983338/b7L9woBn_400x400.jpg,Ù…ÙØ±Ø­ Ø§Ù„Ø´Ù‚ÙŠÙ‚ÙŠ,Mofareh5,9816,false,false,false,false,false,true
1112,https://pbs.twimg.com/profile_images/1634367856035889153/RxOWcmAC_400x400.jpg,Ø£Ø­Ù…Ø¯ Ø§Ù„ÙŠØ§Ù…ÙŠ,AHMEDALYAMI2,9872,false,false,false,false,false,true
843653,https://pbs.twimg.com/profile_images/1069954728929517568/zDNO5I7M_400x400.jpg,Ø·Ø§Ø±Ù‚ Ø§Ù„Ø­Ø±Ø¨ÙŠ,tariqalharbi80,9818,false,false,false,false,false,true
544844,https://pbs.twimg.com/profile_images/1225423153758920704/eB5lM0nb_400x400.jpg,Ø¹Ø¨Ø¯Ø§Ù„Ù„Ù‡ Ø§Ù„ØºØ°Ø§Ù…ÙŠ,ghathami,9828,false,false,false,false,false,true
1248,https://pbs.twimg.com/profile_images/1633689759250804736/A6pL1gKT_400x400.jpg,M@lek,Malek87_,9847,false,false,false,false,false,true
54393,https://pbs.twimg.com/profile_images/1247417767550222337/mVRI8lT6_400x400.jpg,Ø³Ø¹ÙˆØ¯ Ø§Ù„Ø³Ù†Ø¹ÙˆØ³ÙŠ,saud_alsanousi,9820,false,false,false,false,false,true
41367,https://pbs.twimg.com/profile_images/1512572946958663683/mr9w3lNm_400x400.jpg,Ù‡Ø§Ø´Ù… Ø§Ù„Ø¬Ø­Ø¯Ù„ÙŠ,hashimaljahdali,9827,false,false,false,false,false,true
24564,https://pbs.twimg.com/profile_images/1574803814460395520/P6SfM_Qt_400x400.jpg,Ù…Ø¹Ù† Ø§Ù„Ø³Ù„Ø·Ø§Ù†,Maan_AlSultan,9871,false,false,false,false,false,true
47407,https://pbs.twimg.com/profile_images/1616201209496408084/cXWI-rTf_400x400.jpg,Ù…Ù€Ù€Ø±Ø§Ù… Ø§Ù„Ù…Ø·ÙŠØ±ÙŠğŸ¦Œ.,_Maram__0,9874,false,false,false,false,false,true
17626,https://pbs.twimg.com/profile_images/937147847488786432/9OoCQqqQ_400x400.jpg,Ø¹Ø¨Ø¯Ø§Ù„Ø±Ø­Ù…Ù† Ù…Ø´Ø§Ø·,AKMashat,9822,false,false,false,false,false,true
73947,https://pbs.twimg.com/profile_images/1588751694669676545/zyEOVE8B_400x400.jpg,ÙÙŠØµÙ„ ÙÙ‡Ø¯ Ø§Ù„Ø¹Ø¨Ø¯Ø§Ù„ÙƒØ±ÙŠÙ…,f_falabdulkarim,9831,false,false,false,false,false,true
906472,https://pbs.twimg.com/profile_images/1042562535277428736/f4i9bUJ5_400x400.jpg,Jane Seymour Fonda,Janefonda,6509,false,true,true,true,true,true
1360955,https://pbs.twimg.com/profile_images/1602437859364962305/CbXonyvx_400x400.jpg,Ù„Ø¬ÙŠÙ†_Ø¹Ù…Ø±Ø§Ù† ğŸ•Š,Lojain_omran,9823,false,false,false,false,false,true
64955,https://pbs.twimg.com/profile_images/1222113120908402689/v8-JmcR-_400x400.jpg,Ù†Ø§ÙŠÙ Ø§Ù„Ø±Ø§Ø¬Ø­ÙŠ,naifalrajhi03,9829,false,false,false,false,false,true
9361,https://pbs.twimg.com/profile_images/1625063177040850945/7NT_3VLK_400x400.jpg,Ø¹Ø¨Ø¯Ø§Ù„Ù„Ù‡ Ø¨Ù† Ø³Ù„ÙŠÙ…Ø§Ù† Ø§Ù„Ø¹ÙŠØ¯ÙŠ,AbdullahAleadie,9825,false,false,false,false,false,true
6655,https://pbs.twimg.com/profile_images/1577394512233697324/9sdFRkKd_400x400.jpg,Ø¹Ø¨Ø¯Ø§Ù„Ù„Ù‡ Ø¨Ù† Ø¬Ù…Ø¹Ø§Ù† Ø§Ù„ØºØ§Ù…Ø¯ÙŠğŸ‡¸ğŸ‡¦,AJGHAMDI,9830,false,false,false,false,false,true
234823,https://pbs.twimg.com/profile_images/1371974247590006791/OeJW_eIF_400x400.jpg,Ù…Ø§Ø¬Ø¯ Ø§Ù„Ù†ÙÙŠØ¹ÙŠ,Nefaie_Majed,9837,false,false,false,false,false,true
21086,https://pbs.twimg.com/profile_images/1353642037229346816/Fply-Gb6_400x400.jpg,Ø¹Ø¨Ø¯Ø§Ù„Ø¹Ø²ÙŠØ² Ø§Ù„Ø¨Ø§ØªÙ„ÙŠ | Abdulaziz AlBatli,itsAlbatli,9832,false,false,false,false,false,true
148663,https://pbs.twimg.com/profile_images/1555266741378420736/sETNGwvg_400x400.jpg,Ø®Ø§Ù„Ø¯ Ø¨Ù† Ø¹Ø¨Ø¯Ø§Ù„Ø¹Ø²ÙŠØ²,0ytrb,9836,false,false,false,false,false,true
119226,https://pbs.twimg.com/profile_images/1597521489582063616/AxyNj1j3_400x400.jpg,Ø§Ù…Ù„ Ø§Ù„Ø­Ø±Ø¨ÙŠ,ana_ok_ok,9843,false,false,false,false,false,true
10414,https://pbs.twimg.com/profile_images/1633113522560282625/4fq-ygQV_400x400.jpg,Ø³Ù„Ù…Ø§Ù† Ø§Ù„Ø¹Ø¨Ø¯Ù„ÙŠ,SaAlabdli_,9838,false,false,false,false,false,true
1037,https://pbs.twimg.com/profile_images/1565258119592173568/cSt8hawE_400x400.jpg,Ø±ÙÙŠØ¹ÙÙ€Ûƒ â€,gblt3rbha,9850,false,false,false,false,false,true
15306490,https://pbs.twimg.com/profile_images/1405585501256667136/n6qrOVGo_400x400.jpg,Paulo Coelho,paulocoelho,6818,false,false,true,true,true,true
157095,https://pbs.twimg.com/profile_images/1634122119075201026/qZRHcNiJ_400x400.jpg,Ø¯. Ù…Ø­Ù…Ø¯ Ø§Ù„ÙŠÙˆØ³Ù,Alyousef8,9840,false,false,false,false,false,true
32647,https://pbs.twimg.com/profile_images/1575741987910668288/RsSQx0zU_400x400.jpg,Ø¹Ù„ÙŠ Ø§Ù„Ø¹Ø§Ù…Ø±ÙŠ // Ø§Ù„Ø­Ø³Ø§Ø¨ Ø§Ù„Ø±Ø³Ù…ÙŠ,ali_alamri_1973,9857,false,false,false,false,false,true
284,https://pbs.twimg.com/profile_images/1628423164823830532/FwniTIYP_400x400.jpg,Marwa,figsnolives,9870,false,false,false,false,false,true
24433,https://pbs.twimg.com/profile_images/1598856835469025281/Gdl8Obnn_400x400.jpg,AMR â€¢ ğŸ¥µ,UrFavAmr,9841,false,false,false,false,false,true
57333,https://pbs.twimg.com/profile_images/1622610076606296064/br5gZgj9_400x400.jpg,Ø¹Ø¨Ø¯Ø§Ù„Ù„Ù‡ Ø§Ù„Ù…Ø·ÙŠØ±ÙŠ,ii305v,9853,false,false,false,false,false,true
136864,https://pbs.twimg.com/profile_images/1596355216726790146/xyejdmbu_400x400.jpg,ÙˆØ¬Ø¯Ø§Ù† Ø§Ù„Ø¹Ù„ÙŠÙ‘,wegdan_alali,9861,false,false,false,false,false,true
1630,https://pbs.twimg.com/profile_images/1598652905376124930/AniVKCaO_400x400.jpg,Ø¹ÙÙ‡ÙˆØ¯,Ohoud_A90,9867,false,false,false,false,false,true
21498,https://pbs.twimg.com/profile_images/1539531731430215681/o7mrXtme_400x400.jpg,Ø³Ù…Ø§Ø­ Ø§Ù„Ø­Ù…Ø§Ù…ÙŠ,samahalhamami,9844,false,false,false,false,false,true
38657,https://pbs.twimg.com/profile_images/1534991110111739921/UX_O7dmc_400x400.jpg,-,Some0fMe90,9845,false,false,false,false,false,true
54049,https://pbs.twimg.com/profile_images/1632790763296768004/JtAW5qnH_400x400.jpg,ØªÙ€ÙˆÙÙŠÙ€Ù‚ Ø§Ù„Ø¬Ø¨Ø±ØªÙŠ| Ø£Ù…Ø§Ù†ğŸ«‚,Tawfeq369,9865,false,false,false,false,false,true
58935,https://pbs.twimg.com/profile_images/1623072398118363137/ifv0FwGN_400x400.jpg,Ù…Ø¹Ø§Ø° Ø§Ù„Ù…Ø³Ù„Ù‘Ù…,muath_almosallm,9873,false,false,false,false,false,true
14613,https://pbs.twimg.com/profile_images/1574464350009659411/yLxL1HKj_400x400.jpg,ğŸ”‘ Faten Mohammad | ÙØ§ØªÙ† Ù…Ø­Ù…Ø¯,Faten_369,9846,false,false,false,false,false,true
9,https://pbs.twimg.com/profile_images/1624355664561684480/U4cVY0gG_400x400.jpg,Ğ½Î±Ğ¼s,GcGonca08,9851,false,false,false,false,false,true
64155,https://pbs.twimg.com/profile_images/1638151519135490050/cAVQ-5iB_400x400.jpg,â€Ù…Ù†Ø§Ù„ Ø§Ù„Ø¹Ù…Ø±ÙŠ,manal____62,9876,false,false,false,false,false,true
780015,https://pbs.twimg.com/profile_images/1069865299690831872/28SUQAdQ_400x400.jpg,SÃ©golÃ¨ne Royal,RoyalSegolene,6850,false,false,true,false,false,true
9065,https://pbs.twimg.com/profile_images/1604511882378870791/r_RVz0KK_400x400.jpg,â€â€¢ Ù…Ø´Ø§Ø±ÙŠ Ø¨Ù† Ù…Ù†ØµÙˆØ± ..,Mishary_MQ,9848,false,false,false,false,false,true
6135,https://pbs.twimg.com/profile_images/1468677978553032709/W10zhIP2_400x400.jpg,ØµØ§Ù„Ø­ .. Ø§Ù„Ø´ÙŠØ¨Ø§Ù†ÙŠ ğ•Šğ”¸ğ•ƒğ”¼â„,sa_4166,9854,false,false,false,false,false,true
72037,https://pbs.twimg.com/profile_images/1621187042162917378/gKQWX0e9_400x400.jpg,Ø¨Ù†Ø¯Ø± Ø¬Ø§Ø²ÙŠ,bn7arby,9849,false,false,false,false,false,true
41263,https://pbs.twimg.com/profile_images/1631712117073092628/8fTRUi_9_400x400.jpg,Ø³Ø¹ÙŠØ¯ Ø¨Ù† Ù…Ø­Ù…Ø¯ Ø§Ù„Ù‚Ø§Ø¶ÙŠğŸ‡¸ğŸ‡¦,saeedalqadhi999,9866,false,false,false,false,false,true
422632,https://pbs.twimg.com/profile_images/1526759582479048704/_dg4Zarz_400x400.jpg,Ø¯. Ø¹Ø¨Ø¯Ø§Ù„Ø¹Ø²ÙŠØ² Ø§Ù„Ø´Ø§ÙŠØ¹,aamshaya,9852,false,false,false,false,false,true
118060,https://pbs.twimg.com/profile_images/1473826751457415170/T5AXb3R3_400x400.jpg,Ø³ÙˆÙŠÙ„Ù… Ø§Ù„Ø³ÙˆÙŠÙ„Ù…,swailem1,9860,false,false,false,false,false,true
1552,https://pbs.twimg.com/profile_images/1469234526782173184/bVzOYQO-_400x400.jpg,h.alhajri,h_alhajri,9856,false,false,false,false,false,true
114705,https://pbs.twimg.com/profile_images/1212481063701770241/8fQN7wbG_400x400.jpg,ÙŠÙˆØ³Ù Ø§Ù„Ø¯Ù…ÙˆÙƒÙŠ,yousefaldomouky,9862,false,false,false,false,false,true
247768,https://pbs.twimg.com/profile_images/1453099930353029122/JncxLM7R_400x400.jpg,Ø¹Ø¨Ø¯Ø§Ù„Ù…Ø­Ø³Ù† Ø¨Ù† ØµØ§Ù„Ø­ Ø§Ù„Ø±Ø§Ø¬Ø­ÙŠ,rajhiabdlmohsen,9858,false,false,false,false,false,true
6457,https://pbs.twimg.com/profile_images/1631285424919306245/Q0G0cmBS_400x400.jpg,Nour Nagy,NourOooops,9863,false,false,false,false,false,true
33884,https://pbs.twimg.com/profile_images/1210688732040433675/_fDISmWv_400x400.jpg,Ø¹Ù€Ø¨Ù€Ø¯Ø§Ù„Ø¹Ù€Ø²ÙŠÙ€Ø² Ø§Ù„Ù€Ø®Ù€ÙˆÙŠÙ€Ø·Ù€Ø±,aalkoautr4488,9864,false,false,false,false,false,true
39404,https://pbs.twimg.com/profile_images/1628680290548736001/KFTW-E3d_400x400.jpg,Ø¹Ø§Ø¯Ù„ Ø¨Ù† Ù‡ÙŠÙ â€,adel_haif,9868,false,false,false,false,false,true
27670,https://pbs.twimg.com/profile_images/1550429598810345472/CNNgoysH_400x400.jpg,Ø®Ù€Ù€Ù€Ù€Ù€Ù€Ù€Ø§Ù„Ù€Ù€Ù€Ù€Ù€Ù€Ù€Ø¯,abuassael,9869,false,false,false,false,false,true
2957511,https://pbs.twimg.com/profile_images/1205211096430211072/pDfVIDRE_400x400.jpg,Sylvester Stallone,TheSlyStallone,6876,false,false,true,true,true,true
1366083,https://pbs.twimg.com/profile_images/977569837814861829/qTuWhI9S_400x400.jpg,ÙŠØ§Ø³Ø± Ø§Ù„Ø²Ø¹Ø§ØªØ±Ø©,YZaatreh,9875,false,false,false,false,false,true
449253,https://pbs.twimg.com/profile_images/1471334195574325248/Q6FYeLwy_400x400.jpg,Ø£Ø­Ù…Ø¯ Ø§Ù„ÙØ±Ø§Ø¬,amhfarraj,9877,false,false,false,false,false,true
49423,https://pbs.twimg.com/profile_images/1313128458927714310/QJTMgEJh_400x400.jpg,Ø¹Ø¨Ø¯Ø§Ù„Ù„Ù‡ Ø§Ù„ÙÙ‡Ø¯,10af100,9879,false,false,false,false,false,true
376,https://pbs.twimg.com/profile_images/1554786851478708224/s3Q0zi7a_400x400.jpg,khaled_sorur,abdulkhaliq6,9914,false,false,false,false,false,true
68,https://pbs.twimg.com/profile_images/1630514447423766529/tY2tNQrp_400x400.jpg,ÙŠÙˆØ³Ù Ø§Ù„Ø³ÙˆÙŠÙ„Ù…,YousefALSwailem,9878,false,false,false,false,false,true
1749,https://pbs.twimg.com/profile_images/1516396679255281672/AGI0CyHH_400x400.jpg,Ø²ÙŠØ§Ø¯ Ø§Ù„ÙÙŠÙÙŠ Ziad Alfaifi,ZIAD_online,9902,false,false,false,false,false,true
127901,https://pbs.twimg.com/profile_images/1568278049698840576/duaFyQIt_400x400.jpg,Ø¹Ø¨Ø¯Ù‡ Ø®Ø§Ù„,AbduhKhal,9880,false,false,false,false,false,true
2201,https://pbs.twimg.com/profile_images/1449038152279248903/3SBRBP4g_400x400.jpg,Ø­Ø³Ù† Ù‚Ø·ÙˆØ³Ø©,RjU5bsiy7L8bGvj,9898,false,false,false,false,false,true
12516,https://pbs.twimg.com/profile_images/1546095538973589504/aTaZ_YJS_400x400.jpg,Ù…Ø­Ù…Ø¯ Ø¨Ù† Ø¹Ø¨Ø¯Ø§Ù„Ù„Ù‡ Ø§Ù„Ø­Ø³ÙŠÙ†ÙŠ,kuwaitcity,9909,false,false,false,false,false,true
2073,https://pbs.twimg.com/profile_images/1622819893451128832/56eunc8w_400x400.jpg,Ø¯.Ø¹Ø¨Ø¯Ø§Ù„Ù„Ù‡ Ø§Ù„Ù…Ø­Ø³Ù†,almohsen_d,9882,false,false,false,false,false,true
1262658,https://pbs.twimg.com/profile_images/1139236065691279361/0Kl91fVR_400x400.jpg,Ù…Ø°Ù‡Ù„ .,i9_76,9892,false,false,false,false,false,true
1863,https://pbs.twimg.com/profile_images/1636459317917364224/8SLTF_aR_400x400.jpg,Ù‡ÙŠØ«Ù… Ø§Ù„Ù…Ø®Ù„Ù„Ø§ØªÙŠ .. Ø§Ù„Ø´Ø§Ø¹Ø± Ø§Ù„Ø¯Ù…Ø´Ù‚ÙŠ,qIrHzl1yi6c0Hjx,9896,false,false,false,false,false,true
4518,https://pbs.twimg.com/profile_images/1623635303939379202/AZ2TFViQ_400x400.jpg,Ø£Ø­Ù…Ø¯ Ø§Ù„Ø£Ø­Ù…Ø±ÙŠ,ahmari_art,9900,false,false,false,false,false,true
3382,https://pbs.twimg.com/profile_images/1541782354204696577/bvv0PZ5e_400x400.jpg,Ø±Ø§Ù†ÙŠØ§ Ø±Ù…Ø¶Ø§Ù†,johnburg12,9912,false,false,false,false,false,true
22,https://pbs.twimg.com/profile_images/1552665107192242179/6TFH1sAn_400x400.jpg,Abdulaziz Alawad,Aalawad11,9883,false,false,false,false,false,true
11820,https://pbs.twimg.com/profile_images/1540648683192164354/Ep2qy99F_400x400.jpg,Ø§Ø­Ù…Ø¯ Ø§Ù„Ø¹Ù†Ø²ÙŠğŸ¦…,AboSaqr40,9907,false,false,false,false,false,true
5633783,https://pbs.twimg.com/profile_images/796823622450982912/XYcUsJUI_400x400.jpg,Tucker Carlson,TuckerCarlson,5712,true,false,false,false,false,true
206674,https://pbs.twimg.com/profile_images/1620133570592251905/nekGgVdr_400x400.jpg,ØªØ±ÙƒÙŠ Ø§Ù„Ø¨Ø¯Ø±,Mensa09,9884,false,false,false,false,false,true
4273,https://pbs.twimg.com/profile_images/1620898347266580490/HpPFF8MB_400x400.jpg,Ù…Ø­Ù…Ø¯ Ø§Ù„Ø¹Ù†Ø²ÙŠ,Abofayadh1,9889,false,false,false,false,false,true
13086,https://pbs.twimg.com/profile_images/1636093380290543617/e4tHxGvP_400x400.jpg,Ø¥Ø¨Ø±Ø§Ù‡ÙŠÙ… Ø§Ù„Ø¬Ù†ÙˆØ¨ÙŠ,aljanubi7280,9885,false,false,false,false,false,true
33636,https://pbs.twimg.com/profile_images/1615498986269417473/Pgih1kLD_400x400.jpg,Ø³Ø¹Ø¯ Ø§Ù„Ø¹Ù†Ø²ÙŠ,s_m_alenezi_q8,9917,false,false,false,false,false,true
13402,https://pbs.twimg.com/profile_images/1624119862376165376/hNZ5CGsS_400x400.jpg,ÙŠÙˆØ³Ù,Joseeph_15,9886,false,false,false,false,false,true
1252,https://pbs.twimg.com/profile_images/1220360099258085376/SrvWZ3TL_400x400.jpg,ØµØ§Ù„Ø­ Ø¨Ù† Ù†Ø§ØµØ± Ø§Ù„Ø¹Ù†Ø²ÙŠ,drsaaalih,9908,false,false,false,false,false,true
27280,https://pbs.twimg.com/profile_images/1549252029154992131/2zjGEeRH_400x400.jpg,ØµØ§Ù„Ø­ Ù†Ø§ØµØ±,AlkabbaaSaleh,9887,false,false,false,false,false,true
441194,https://pbs.twimg.com/profile_images/1404440895932538886/0Zo7M9Ma_400x400.jpg,ÙÙ‡Ø¯ Ø¹Ø§Ù…Ø± Ø§Ù„Ø£Ø­Ù…Ø¯ÙŠ,fahadalahmdi,9895,false,false,false,false,false,true
3081,https://pbs.twimg.com/profile_images/1516312271206633475/I1hL_ODC_400x400.jpg,Ali Nablo,alinablo1961,9888,false,false,false,false,false,true
15823,https://pbs.twimg.com/profile_images/1617938830325055503/NH9wy33K_400x400.jpg,Ù…Ù€Ø±Ø²ÙˆÙ‚ Ø§Ù„Ù…Ø¸Ù€ÙŠØ¨Ø±ÙŠ,7lm7y1,9890,false,false,false,false,false,true
81526,https://pbs.twimg.com/profile_images/1591675900331950080/OVno1Ngd_400x400.jpg,Ù†Ø¬Ø§Ø­ Ø§Ù„Ù…Ø³Ø§Ø¹ÙŠØ¯,najah_almasaeed,9904,false,false,false,false,false,true
175296,https://pbs.twimg.com/profile_images/1639450828242034689/cNbWM9vO_400x400.jpg,Ø®Ø§Ù„Ø¯ Ø§Ù„Ø²Ø§ÙŠØ¯ÙŠ,_mosh1,9891,false,false,false,false,false,true
56883,https://pbs.twimg.com/profile_images/1642250624979828738/MD4YunF5_400x400.jpg,Ø¯. Ø®Ù„ÙŠÙ„ Ø§Ù„Ø´Ø±ÙŠÙ,KaKateb,9901,false,false,false,false,false,true
290634,https://pbs.twimg.com/profile_images/1477766690301644801/3931JsnP_400x400.jpg,William Gibson,GreatDismal,9471,false,false,false,false,true,true
79270,https://pbs.twimg.com/profile_images/1228335026712043520/tQUNfuYA_400x400.jpg,Ø£Ù…Ù„ Ø§Ù„Ø³Ù‡Ù„Ø§ÙˆÙŠ ğŸ‡¦ğŸ‡ª,SahLawiA,9893,false,false,false,false,false,true
4970,https://pbs.twimg.com/profile_images/1566532449110265856/wMuEyzHG_400x400.jpg,Ø­ÙØ³ÙŠÙ† Ø§Ù„Ù…Ø±Ø²ÙˆÙ‚,Hussainameer98,9910,false,false,false,false,false,true
2507,https://pbs.twimg.com/profile_images/1424259593543245826/PVgsgmNQ_400x400.jpg,Ø´Ø§Ù‡Ø± Ø´Ø§ÙŠÙ… .. âœğŸ»,shaher8787,9894,false,false,false,false,false,true
270473,https://pbs.twimg.com/profile_images/719430663053709312/OTMpTWEk_400x400.jpg,Ø®ÙˆÙ„Ù‡ Ø¨Ù†Øª Ø£Ø­Ù…Ø¯,HHshkkhawla,9897,false,false,false,false,false,true
15251,https://pbs.twimg.com/profile_images/1586500494159134721/u3f_nNyb_400x400.jpg,ÙˆÙ„ÙŠØ¯ Ø³Ø±Ø§Ø¬,Waleed_srg,9899,false,false,false,false,false,true
4275,https://pbs.twimg.com/profile_images/1620286571550318594/Mq1JVaay_400x400.jpg,Ù…ØªØ¹Ø¨ Ø¨Ù† Ø³Ø¹Ø¯ Ø§Ù„ØºØ§Ù…Ø¯ÙŠ,mutab_algamdi,9905,false,false,false,false,false,true
33934,https://pbs.twimg.com/profile_images/1571183341734445063/fzX6rXsf_400x400.jpg,Ø¹Ù„ÙŠ Ø§Ù„ÙƒØ­Ù„Ø§Ù†ÙŠ,alkehleni,9913,false,false,false,false,false,true
2141,https://pbs.twimg.com/profile_images/1637545674337144833/3t4Re6Po_400x400.jpg,Ù„ÙŠÙ„ Ù‡Ø§Ø¯ÙŠâœ¨ğŸŒ’,hadi_lail,9903,false,false,false,false,false,true
1202,https://pbs.twimg.com/profile_images/1645672810163892224/L9wfxpGb_400x400.jpg,Ù…Ù†Ù‰ Ø§Ù„Ù‡ÙˆÙŠØ¯ÙŠ,Mona_Alhuwaydi,9906,false,false,false,false,false,true
747,https://pbs.twimg.com/profile_images/1640498533793947654/qFsVScrW_400x400.jpg,Ø¨ÙŠØ§Ù† Ø§Ù„Ø¹Ø¯ÙˆØ§Ù† ğŸ‚,bayan_aladwan90,9911,false,false,false,false,false,true
45511,https://pbs.twimg.com/profile_images/1450448497883365381/PdU_jRMg_400x400.jpg,Ø­ÙŠØ¯Ø± Ø§Ù„Ø¹Ø¨Ø¯Ø§Ù„Ù„Ù‡,HaidarAlabdulla,9915,false,false,false,false,false,true
359533,https://pbs.twimg.com/profile_images/1453716959674060807/4UqQgo18_400x400.jpg,Martin Luther King III,OfficialMLK3,6009,true,false,true,true,true,true
1699,https://pbs.twimg.com/profile_images/1603838414582956032/EkseWYFm_400x400.jpg,Sara Bu â¤ï¸ Ø³Ø§Ø±Ø© Ø¨ÙˆØ­Ù„ÙŠÙ‚Ø©,shoger,9916,false,false,false,false,false,true
11614,https://pbs.twimg.com/profile_images/2848195892/eea3e2227eac09de0058d366eb03ac85_400x400.jpeg,Francis Bacon,francisbacon,470,true,false,true,true,true,true
9949357,https://pbs.twimg.com/profile_images/3127745865/dd05f22753691b28ce2a8884ccf9e6cf_400x400.jpeg,Ø³Ù„Ù…Ø§Ù† Ø¨Ù† Ø¹Ø¨Ø¯Ø§Ù„Ø¹Ø²ÙŠØ²,KingSalman,9559,false,false,false,true,false,true